chunk_size,iov_count,run_number,time_ms,throughput_mibps
1024,1,1,4932.541,41.520
1024,1,2,4917.836,41.644
1024,1,3,4910.930,41.703
1024,1,4,4878.302,41.982
1024,1,5,4861.426,42.128
1024,1,6,4907.105,41.735
1024,1,7,4915.736,41.662
1024,1,8,4944.395,41.421
1024,1,9,4911.357,41.699
1024,1,10,4878.963,41.976
1024,1,11,4947.433,41.395
1024,1,12,4961.529,41.278
1024,1,13,4974.436,41.170
1024,1,14,4876.326,41.999
1024,1,15,4940.959,41.449
1024,1,16,4867.803,42.072
1024,1,17,4946.280,41.405
1024,1,18,4838.916,42.324
1024,1,19,4892.981,41.856
1024,1,20,4879.557,41.971
1024,1,21,4893.032,41.855
1024,1,22,4947.322,41.396
1024,1,23,4910.816,41.704
1024,1,24,4885.730,41.918
1024,1,25,4923.088,41.600
1024,1,26,4863.294,42.111
1024,1,27,4891.766,41.866
1024,1,28,4926.387,41.572
1024,1,29,4870.608,42.048
1024,1,30,4912.839,41.687
1024,2,1,2542.165,80.561
1024,2,2,2544.623,80.483
1024,2,3,2515.331,81.421
1024,2,4,2484.883,82.418
1024,2,5,2490.478,82.233
1024,2,6,2477.731,82.656
1024,2,7,2546.454,80.426
1024,2,8,2537.611,80.706
1024,2,9,2536.431,80.743
1024,2,10,2513.285,81.487
1024,2,11,2524.826,81.114
1024,2,12,2528.610,80.993
1024,2,13,2532.474,80.870
1024,2,14,2547.028,80.407
1024,2,15,2511.151,81.556
1024,2,16,2484.075,82.445
1024,2,17,2517.737,81.343
1024,2,18,2475.037,82.746
1024,2,19,2458.437,83.305
1024,2,20,2527.882,81.016
1024,2,21,2520.136,81.265
1024,2,22,2544.761,80.479
1024,2,23,2556.680,80.104
1024,2,24,2528.546,80.995
1024,2,25,2570.528,79.672
1024,2,26,2545.513,80.455
1024,2,27,2522.139,81.201
1024,2,28,2530.875,80.921
1024,2,29,2540.023,80.629
1024,2,30,2528.962,80.982
1024,4,1,1362.984,150.259
1024,4,2,1352.224,151.454
1024,4,3,1359.981,150.590
1024,4,4,1379.078,148.505
1024,4,5,1354.913,151.154
1024,4,6,1339.111,152.937
1024,4,7,1356.103,151.021
1024,4,8,1351.719,151.511
1024,4,9,1322.449,154.864
1024,4,10,1340.794,152.745
1024,4,11,1356.137,151.017
1024,4,12,1377.821,148.641
1024,4,13,1366.687,149.851
1024,4,14,1363.139,150.242
1024,4,15,1351.201,151.569
1024,4,16,1351.456,151.540
1024,4,17,1370.803,149.401
1024,4,18,1352.755,151.395
1024,4,19,1356.429,150.985
1024,4,20,1352.275,151.449
1024,4,21,1371.700,149.304
1024,4,22,1357.803,150.832
1024,4,23,1352.621,151.410
1024,4,24,1345.864,152.170
1024,4,25,1330.276,153.953
1024,4,26,1357.182,150.901
1024,4,27,1369.342,149.561
1024,4,28,1372.559,149.210
1024,4,29,1345.441,152.218
1024,4,30,1354.407,151.210
1024,8,1,746.742,274.258
1024,8,2,771.207,265.558
1024,8,3,781.221,262.154
1024,8,4,768.073,266.641
1024,8,5,756.794,270.615
1024,8,6,774.667,264.372
1024,8,7,774.197,264.532
1024,8,8,781.252,262.143
1024,8,9,776.161,263.863
1024,8,10,774.265,264.509
1024,8,11,757.363,270.412
1024,8,12,777.006,263.576
1024,8,13,757.814,270.251
1024,8,14,764.443,267.908
1024,8,15,761.580,268.915
1024,8,16,752.550,272.141
1024,8,17,763.425,268.265
1024,8,18,750.708,272.809
1024,8,19,771.261,265.539
1024,8,20,754.925,271.285
1024,8,21,734.272,278.916
1024,8,22,764.468,267.899
1024,8,23,752.776,272.060
1024,8,24,752.606,272.121
1024,8,25,747.246,274.073
1024,8,26,757.955,270.201
1024,8,27,757.573,270.337
1024,8,28,752.459,272.174
1024,8,29,761.988,268.771
1024,8,30,774.282,264.503
1024,16,1,465.571,439.890
1024,16,2,452.610,452.486
1024,16,3,466.935,438.605
1024,16,4,460.068,445.152
1024,16,5,452.134,452.963
1024,16,6,468.589,437.057
1024,16,7,453.735,451.365
1024,16,8,475.624,430.593
1024,16,9,452.292,452.805
1024,16,10,459.201,445.992
1024,16,11,454.898,450.210
1024,16,12,463.746,441.621
1024,16,13,463.770,441.599
1024,16,14,473.582,432.449
1024,16,15,450.276,454.832
1024,16,16,459.405,445.794
1024,16,17,475.323,430.865
1024,16,18,458.904,446.281
1024,16,19,454.396,450.708
1024,16,20,467.948,437.656
1024,16,21,467.163,438.391
1024,16,22,465.702,439.766
1024,16,23,458.665,446.513
1024,16,24,467.030,438.516
1024,16,25,470.560,435.226
1024,16,26,475.331,430.858
1024,16,27,459.874,445.340
1024,16,28,460.326,444.902
1024,16,29,453.860,451.240
1024,16,30,460.950,444.299
2048,1,1,2494.813,82.090
2048,1,2,2474.669,82.759
2048,1,3,2513.409,81.483
2048,1,4,2471.806,82.854
2048,1,5,2531.991,80.885
2048,1,6,2535.684,80.767
2048,1,7,2527.660,81.024
2048,1,8,2488.903,82.285
2048,1,9,2572.512,79.611
2048,1,10,2578.725,79.419
2048,1,11,2548.453,80.362
2048,1,12,2502.972,81.823
2048,1,13,2522.224,81.198
2048,1,14,2502.249,81.846
2048,1,15,2489.422,82.268
2048,1,16,2589.591,79.086
2048,1,17,2600.920,78.741
2048,1,18,2599.921,78.772
2048,1,19,2537.838,80.699
2048,1,20,2500.368,81.908
2048,1,21,2523.266,81.165
2048,1,22,2486.450,82.366
2048,1,23,2501.947,81.856
2048,1,24,2532.469,80.870
2048,1,25,2524.553,81.123
2048,1,26,2490.603,82.229
2048,1,27,2525.306,81.099
2048,1,28,2500.079,81.917
2048,1,29,2512.796,81.503
2048,1,30,2500.251,81.912
2048,2,1,1288.850,158.901
2048,2,2,1316.075,155.614
2048,2,3,1332.772,153.665
2048,2,4,1335.356,153.367
2048,2,5,1309.562,156.388
2048,2,6,1342.915,152.504
2048,2,7,1329.566,154.035
2048,2,8,1313.773,155.887
2048,2,9,1302.450,157.242
2048,2,10,1326.806,154.356
2048,2,11,1305.566,156.867
2048,2,12,1299.348,157.618
2048,2,13,1320.908,155.045
2048,2,14,1302.488,157.238
2048,2,15,1337.065,153.171
2048,2,16,1327.403,154.286
2048,2,17,1318.935,155.277
2048,2,18,1323.148,154.782
2048,2,19,1317.551,155.440
2048,2,20,1342.708,152.528
2048,2,21,1343.804,152.403
2048,2,22,1323.240,154.772
2048,2,23,1313.496,155.920
2048,2,24,1378.620,148.554
2048,2,25,1318.904,155.280
2048,2,26,1350.937,151.599
2048,2,27,1319.014,155.268
2048,2,28,1326.750,154.362
2048,2,29,1329.159,154.082
2048,2,30,1333.157,153.620
2048,4,1,719.512,284.637
2048,4,2,712.662,287.373
2048,4,3,735.184,278.570
2048,4,4,723.166,283.199
2048,4,5,736.451,278.090
2048,4,6,737.548,277.677
2048,4,7,722.667,283.395
2048,4,8,721.812,283.731
2048,4,9,728.164,281.255
2048,4,10,748.440,273.636
2048,4,11,738.797,277.207
2048,4,12,736.801,277.958
2048,4,13,737.730,277.608
2048,4,14,730.575,280.327
2048,4,15,726.569,281.873
2048,4,16,717.952,285.256
2048,4,17,707.520,289.462
2048,4,18,712.402,287.478
2048,4,19,710.854,288.104
2048,4,20,717.319,285.508
2048,4,21,720.515,284.241
2048,4,22,747.928,273.823
2048,4,23,744.068,275.243
2048,4,24,734.725,278.744
2048,4,25,749.054,273.412
2048,4,26,754.124,271.573
2048,4,27,769.180,266.258
2048,4,28,768.603,266.457
2048,4,29,782.918,261.585
2048,4,30,721.360,283.908
2048,8,1,422.383,484.868
2048,8,2,426.304,480.408
2048,8,3,431.009,475.165
2048,8,4,432.542,473.480
2048,8,5,437.668,467.935
2048,8,6,422.832,484.353
2048,8,7,436.619,469.059
2048,8,8,427.707,478.833
2048,8,9,416.532,491.679
2048,8,10,445.106,460.115
2048,8,11,445.850,459.347
2048,8,12,431.170,474.986
2048,8,13,423.902,483.130
2048,8,14,427.477,479.091
2048,8,15,430.920,475.262
2048,8,16,421.708,485.645
2048,8,17,412.454,496.540
2048,8,18,428.406,478.051
2048,8,19,423.252,483.873
2048,8,20,417.800,490.186
2048,8,21,419.297,488.436
2048,8,22,425.987,480.766
2048,8,23,439.537,465.945
2048,8,24,428.963,477.431
2048,8,25,426.502,480.185
2048,8,26,430.424,475.810
2048,8,27,421.837,485.496
2048,8,28,412.685,496.263
2048,8,29,429.181,477.188
2048,8,30,426.429,480.268
2048,16,1,284.149,720.749
2048,16,2,291.850,701.729
2048,16,3,287.927,711.290
2048,16,4,294.181,696.171
2048,16,5,287.721,711.801
2048,16,6,287.192,713.113
2048,16,7,284.388,720.143
2048,16,8,287.315,712.805
2048,16,9,284.030,721.052
2048,16,10,282.582,724.746
2048,16,11,273.417,749.040
2048,16,12,276.437,740.856
2048,16,13,289.547,707.313
2048,16,14,275.285,743.957
2048,16,15,280.769,729.426
2048,16,16,288.478,709.933
2048,16,17,278.977,734.110
2048,16,18,281.503,727.522
2048,16,19,285.046,718.479
2048,16,20,288.051,710.985
2048,16,21,271.634,753.956
2048,16,22,276.078,741.820
2048,16,23,283.018,723.629
2048,16,24,287.903,711.352
2048,16,25,278.083,736.470
2048,16,26,285.597,717.093
2048,16,27,284.224,720.559
2048,16,28,283.347,722.789
2048,16,29,288.693,709.405
2048,16,30,286.906,713.822
4096,1,1,1324.059,154.676
4096,1,2,1281.401,159.825
4096,1,3,1313.546,155.914
4096,1,4,1302.251,157.266
4096,1,5,1299.752,157.568
4096,1,6,1302.030,157.293
4096,1,7,1315.066,155.734
4096,1,8,1298.032,157.777
4096,1,9,1315.739,155.654
4096,1,10,1317.330,155.466
4096,1,11,1309.716,156.370
4096,1,12,1309.097,156.444
4096,1,13,1303.881,157.070
4096,1,14,1305.162,156.915
4096,1,15,1300.251,157.508
4096,1,16,1305.848,156.833
4096,1,17,1305.188,156.912
4096,1,18,1309.129,156.440
4096,1,19,1280.536,159.933
4096,1,20,1307.563,156.627
4096,1,21,1332.747,153.668
4096,1,22,1292.343,158.472
4096,1,23,1298.588,157.710
4096,1,24,1313.786,155.885
4096,1,25,1312.423,156.047
4096,1,26,1324.480,154.627
4096,1,27,1334.660,153.447
4096,1,28,1320.004,155.151
4096,1,29,1313.139,155.962
4096,1,30,1294.855,158.164
4096,2,1,722.305,283.537
4096,2,2,728.604,281.085
4096,2,3,702.832,291.393
4096,2,4,723.488,283.073
4096,2,5,714.453,286.653
4096,2,6,709.519,288.646
4096,2,7,718.719,284.952
4096,2,8,717.942,285.260
4096,2,9,705.466,290.305
4096,2,10,722.860,283.319
4096,2,11,715.895,286.076
4096,2,12,716.547,285.815
4096,2,13,715.387,286.279
4096,2,14,735.177,278.573
4096,2,15,703.854,290.969
4096,2,16,699.240,292.890
4096,2,17,704.935,290.523
4096,2,18,724.224,282.786
4096,2,19,708.025,289.255
4096,2,20,702.997,291.324
4096,2,21,716.847,285.695
4096,2,22,697.692,293.539
4096,2,23,721.812,283.730
4096,2,24,708.591,289.024
4096,2,25,714.456,286.652
4096,2,26,699.335,292.850
4096,2,27,728.046,281.301
4096,2,28,705.277,290.383
4096,2,29,715.494,286.236
4096,2,30,700.539,292.346
4096,4,1,418.271,489.635
4096,4,2,410.832,498.500
4096,4,3,404.968,505.719
4096,4,4,402.915,508.296
4096,4,5,418.303,489.598
4096,4,6,403.285,507.830
4096,4,7,405.826,504.650
4096,4,8,410.253,499.204
4096,4,9,404.940,505.753
4096,4,10,414.427,494.176
4096,4,11,415.847,492.489
4096,4,12,405.008,505.669
4096,4,13,417.482,490.560
4096,4,14,420.872,486.608
4096,4,15,415.993,492.316
4096,4,16,427.155,479.452
4096,4,17,419.520,488.177
4096,4,18,402.256,509.129
4096,4,19,406.279,504.087
4096,4,20,439.341,466.153
4096,4,21,424.994,481.890
4096,4,22,424.125,482.877
4096,4,23,411.269,497.970
4096,4,24,415.830,492.510
4096,4,25,412.682,496.266
4096,4,26,419.522,488.175
4096,4,27,417.700,490.304
4096,4,28,402.889,508.329
4096,4,29,427.903,478.613
4096,4,30,414.476,494.117
4096,8,1,255.448,801.730
4096,8,2,266.341,768.939
4096,8,3,259.559,789.031
4096,8,4,274.331,746.545
4096,8,5,264.551,774.141
4096,8,6,259.288,789.856
4096,8,7,261.719,782.519
4096,8,8,264.337,774.770
4096,8,9,269.013,761.302
4096,8,10,266.611,768.161
4096,8,11,265.864,770.318
4096,8,12,259.562,789.022
4096,8,13,271.120,755.384
4096,8,14,264.851,773.266
4096,8,15,259.390,789.544
4096,8,16,266.541,768.361
4096,8,17,266.607,768.171
4096,8,18,266.104,769.623
4096,8,19,262.679,779.658
4096,8,20,254.965,803.248
4096,8,21,267.950,764.323
4096,8,22,259.899,787.998
4096,8,23,266.056,769.763
4096,8,24,266.691,767.930
4096,8,25,265.467,771.470
4096,8,26,266.825,767.545
4096,8,27,276.894,739.633
4096,8,28,257.726,794.644
4096,8,29,256.802,797.502
4096,8,30,259.151,790.273
4096,16,1,196.023,1044.774
4096,16,2,192.624,1063.209
4096,16,3,193.778,1056.877
4096,16,4,199.976,1024.124
4096,16,5,195.243,1048.951
4096,16,6,188.592,1085.945
4096,16,7,196.615,1041.629
4096,16,8,198.769,1030.342
4096,16,9,194.518,1052.858
4096,16,10,195.136,1049.526
4096,16,11,196.170,1043.992
4096,16,12,199.020,1029.041
4096,16,13,201.060,1018.602
4096,16,14,204.395,1001.981
4096,16,15,187.430,1092.674
4096,16,16,191.809,1067.727
4096,16,17,190.222,1076.636
4096,16,18,190.924,1072.678
4096,16,19,186.726,1096.794
4096,16,20,185.454,1104.319
4096,16,21,188.866,1084.366
4096,16,22,196.924,1039.995
4096,16,23,202.109,1013.314
4096,16,24,198.799,1030.188
4096,16,25,198.066,1034.000
4096,16,26,190.183,1076.856
4096,16,27,191.910,1067.166
4096,16,28,193.260,1059.712
4096,16,29,198.815,1030.104
4096,16,30,189.117,1082.927
8192,1,1,705.467,290.304
8192,1,2,712.377,287.488
8192,1,3,688.771,297.341
8192,1,4,718.640,284.983
8192,1,5,708.517,289.054
8192,1,6,710.582,288.215
8192,1,7,713.226,287.146
8192,1,8,690.902,296.424
8192,1,9,724.377,282.726
8192,1,10,707.915,289.300
8192,1,11,690.462,296.613
8192,1,12,710.731,288.154
8192,1,13,714.325,286.704
8192,1,14,708.279,289.152
8192,1,15,711.777,287.731
8192,1,16,714.720,286.546
8192,1,17,699.193,292.909
8192,1,18,705.164,290.429
8192,1,19,708.084,289.231
8192,1,20,712.986,287.243
8192,1,21,722.337,283.524
8192,1,22,699.837,292.640
8192,1,23,713.836,286.901
8192,1,24,708.255,289.161
8192,1,25,706.863,289.731
8192,1,26,705.176,290.424
8192,1,27,711.888,287.686
8192,1,28,694.935,294.704
8192,1,29,719.305,284.719
8192,1,30,709.507,288.651
8192,2,1,384.459,532.696
8192,2,2,404.666,506.096
8192,2,3,409.361,500.292
8192,2,4,405.174,505.462
8192,2,5,409.027,500.700
8192,2,6,406.464,503.858
8192,2,7,408.299,501.593
8192,2,8,403.704,507.302
8192,2,9,416.839,491.316
8192,2,10,409.869,499.672
8192,2,11,413.884,494.824
8192,2,12,403.802,507.179
8192,2,13,400.848,510.917
8192,2,14,419.301,488.432
8192,2,15,400.582,511.256
8192,2,16,405.201,505.428
8192,2,17,416.874,491.276
8192,2,18,406.072,504.344
8192,2,19,399.765,512.301
8192,2,20,394.979,518.509
8192,2,21,402.335,509.028
8192,2,22,399.341,512.845
8192,2,23,392.395,521.924
8192,2,24,406.465,503.856
8192,2,25,405.479,505.081
8192,2,26,393.842,520.006
8192,2,27,399.235,512.982
8192,2,28,403.800,507.181
8192,2,29,417.533,490.501
8192,2,30,413.440,495.356
8192,4,1,257.975,793.875
8192,4,2,253.713,807.210
8192,4,3,251.890,813.054
8192,4,4,259.969,787.786
8192,4,5,253.952,806.450
8192,4,6,258.471,792.353
8192,4,7,262.662,779.710
8192,4,8,258.978,790.802
8192,4,9,249.421,821.100
8192,4,10,250.803,816.577
8192,4,11,259.024,790.661
8192,4,12,260.042,787.564
8192,4,13,261.876,782.049
8192,4,14,262.063,781.491
8192,4,15,262.583,779.943
8192,4,16,251.753,813.495
8192,4,17,252.956,809.628
8192,4,18,250.347,818.063
8192,4,19,253.444,808.067
8192,4,20,251.172,815.379
8192,4,21,253.877,806.691
8192,4,22,252.060,812.505
8192,4,23,254.812,803.729
8192,4,24,254.646,804.253
8192,4,25,255.428,801.792
8192,4,26,265.678,770.858
8192,4,27,258.526,792.184
8192,4,28,256.515,798.393
8192,4,29,252.631,810.668
8192,4,30,264.545,774.158
8192,8,1,183.519,1115.961
8192,8,2,189.094,1083.060
8192,8,3,183.421,1116.556
8192,8,4,178.708,1146.005
8192,8,5,180.538,1134.388
8192,8,6,181.502,1128.360
8192,8,7,186.764,1096.569
8192,8,8,183.919,1113.536
8192,8,9,180.906,1132.082
8192,8,10,183.684,1114.959
8192,8,11,183.230,1117.719
8192,8,12,189.643,1079.925
8192,8,13,185.771,1102.430
8192,8,14,183.120,1118.390
8192,8,15,188.347,1087.355
8192,8,16,194.259,1054.261
8192,8,17,188.287,1087.698
8192,8,18,184.917,1107.522
8192,8,19,184.676,1108.967
8192,8,20,184.127,1112.275
8192,8,21,183.836,1114.036
8192,8,22,187.384,1092.945
8192,8,23,197.010,1039.544
8192,8,24,187.524,1092.129
8192,8,25,188.576,1086.032
8192,8,26,180.287,1135.968
8192,8,27,193.879,1056.328
8192,8,28,186.599,1097.540
8192,8,29,184.133,1112.237
8192,8,30,181.524,1128.223
8192,16,1,156.898,1305.303
8192,16,2,150.591,1359.972
8192,16,3,150.941,1356.817
8192,16,4,150.263,1362.948
8192,16,5,153.007,1338.497
8192,16,6,155.124,1320.234
8192,16,7,158.903,1288.837
8192,16,8,158.240,1294.239
8192,16,9,155.061,1320.774
8192,16,10,158.938,1288.551
8192,16,11,157.261,1302.291
8192,16,12,156.126,1311.764
8192,16,13,151.066,1355.701
8192,16,14,152.235,1345.285
8192,16,15,159.049,1287.654
8192,16,16,155.137,1320.126
8192,16,17,162.133,1263.157
8192,16,18,155.672,1315.587
8192,16,19,152.256,1345.103
8192,16,20,150.329,1362.350
8192,16,21,156.386,1309.580
8192,16,22,156.396,1309.492
8192,16,23,152.365,1344.143
8192,16,24,153.073,1337.922
8192,16,25,153.813,1331.487
8192,16,26,157.577,1299.679
8192,16,27,158.044,1295.840
8192,16,28,155.933,1313.382
8192,16,29,150.434,1361.397
8192,16,30,150.951,1356.734
16384,1,1,401.762,509.755
16384,1,2,401.877,509.609
16384,1,3,401.230,510.431
16384,1,4,413.727,495.012
16384,1,5,429.973,476.309
16384,1,6,414.589,493.983
16384,1,7,405.036,505.635
16384,1,8,403.345,507.754
16384,1,9,397.627,515.056
16384,1,10,410.258,499.198
16384,1,11,399.443,512.714
16384,1,12,397.254,515.539
16384,1,13,394.862,518.662
16384,1,14,390.472,524.494
16384,1,15,401.507,510.078
16384,1,16,408.536,501.302
16384,1,17,394.830,518.705
16384,1,18,404.591,506.190
16384,1,19,403.607,507.424
16384,1,20,397.916,514.681
16384,1,21,400.539,511.311
16384,1,22,399.091,513.166
16384,1,23,391.693,522.859
16384,1,24,390.029,525.090
16384,1,25,394.551,519.071
16384,1,26,389.569,525.709
16384,1,27,402.270,509.110
16384,1,28,402.724,508.536
16384,1,29,397.719,514.937
16384,1,30,397.355,515.409
16384,2,1,255.233,802.404
16384,2,2,249.510,820.809
16384,2,3,249.042,822.351
16384,2,4,261.819,782.219
16384,2,5,258.002,793.793
16384,2,6,245.866,832.975
16384,2,7,256.213,799.336
16384,2,8,259.952,787.837
16384,2,9,253.451,808.045
16384,2,10,250.324,818.141
16384,2,11,241.268,848.848
16384,2,12,245.720,833.468
16384,2,13,261.344,783.642
16384,2,14,256.977,796.959
16384,2,15,258.982,790.790
16384,2,16,249.022,822.417
16384,2,17,248.569,823.915
16384,2,18,248.524,824.065
16384,2,19,261.415,783.428
16384,2,20,252.637,810.649
16384,2,21,252.513,811.049
16384,2,22,251.200,815.285
16384,2,23,250.236,818.428
16384,2,24,250.752,816.744
16384,2,25,257.081,796.637
16384,2,26,253.711,807.216
16384,2,27,256.387,798.792
16384,2,28,245.891,832.888
16384,2,29,253.152,809.001
16384,2,30,258.263,792.990
16384,4,1,182.610,1121.515
16384,4,2,179.627,1140.140
16384,4,3,177.732,1152.295
16384,4,4,174.215,1175.562
16384,4,5,175.083,1169.730
16384,4,6,173.343,1181.472
16384,4,7,175.788,1165.041
16384,4,8,181.072,1131.045
16384,4,9,182.017,1125.168
16384,4,10,182.083,1124.761
16384,4,11,179.994,1137.813
16384,4,12,189.465,1080.938
16384,4,13,177.510,1153.738
16384,4,14,178.822,1145.272
16384,4,15,180.465,1134.845
16384,4,16,181.880,1126.015
16384,4,17,176.236,1162.076
16384,4,18,174.996,1170.310
16384,4,19,175.164,1169.190
16384,4,20,176.930,1157.523
16384,4,21,181.651,1127.437
16384,4,22,174.207,1175.616
16384,4,23,177.317,1154.993
16384,4,24,176.785,1158.472
16384,4,25,185.768,1102.450
16384,4,26,177.009,1157.002
16384,4,27,178.120,1149.789
16384,4,28,173.332,1181.546
16384,4,29,177.875,1151.367
16384,4,30,185.775,1102.408
16384,8,1,155.007,1321.228
16384,8,2,154.878,1322.331
16384,8,3,144.193,1420.319
16384,8,4,141.490,1447.454
16384,8,5,140.817,1454.366
16384,8,6,143.050,1431.668
16384,8,7,149.626,1368.744
16384,8,8,152.071,1346.741
16384,8,9,147.451,1388.933
16384,8,10,141.266,1449.751
16384,8,11,143.209,1430.079
16384,8,12,143.255,1429.619
16384,8,13,140.754,1455.017
16384,8,14,142.203,1440.190
16384,8,15,142.826,1433.909
16384,8,16,141.659,1445.730
16384,8,17,141.818,1444.105
16384,8,18,139.228,1470.968
16384,8,19,141.072,1451.745
16384,8,20,144.588,1416.435
16384,8,21,146.735,1395.712
16384,8,22,145.344,1409.066
16384,8,23,146.167,1401.133
16384,8,24,145.830,1404.376
16384,8,25,143.689,1425.298
16384,8,26,141.674,1445.567
16384,8,27,142.628,1435.902
16384,8,28,144.359,1418.686
16384,8,29,145.045,1411.977
16384,8,30,142.560,1436.585
16384,16,1,133.640,1532.470
16384,16,2,135.353,1513.086
16384,16,3,139.540,1467.682
16384,16,4,142.996,1432.210
16384,16,5,135.649,1509.774
16384,16,6,134.303,1524.907
16384,16,7,133.728,1531.471
16384,16,8,134.242,1525.607
16384,16,9,134.050,1527.792
16384,16,10,137.821,1485.980
16384,16,11,130.273,1572.085
16384,16,12,140.882,1453.698
16384,16,13,133.825,1530.357
16384,16,14,131.821,1553.622
16384,16,15,134.079,1527.461
16384,16,16,132.603,1544.465
16384,16,17,127.102,1611.308
16384,16,18,138.756,1475.968
16384,16,19,135.758,1508.563
16384,16,20,132.692,1543.427
16384,16,21,136.531,1500.031
16384,16,22,136.485,1500.531
16384,16,23,136.262,1502.986
16384,16,24,138.973,1473.665
16384,16,25,135.225,1514.515
16384,16,26,141.045,1452.015
16384,16,27,139.550,1467.572
16384,16,28,137.346,1491.122
16384,16,29,138.929,1474.139
16384,16,30,135.812,1507.964
